Workbook

Sheet Sheet1
A1: Roll Num | B1: Name | C1: Age | D1: Age/16
A2: EXC_1001 | B2: Shyaam | C2: 23 | D2: =C2/16 -> 1.4375
A3: EXC_1002 | B3: Demo name 2 | C3: 34 | D3: =C3/16 -> 2.125
A4: EXC_1003 | B4: Demo name 3 | C4: 33 | D4: =C4/16 -> 2.0625 | G4: =B2 -> Shyaam
A5: EXC_1004 | B5: Demo name 4 | C5: 45 | D5: =C5/16 -> 2.8125
A6: EXC_1005 | B6: Demo name 5 | C6: 12 | D6: =C6/16 -> 0.75
A7: EXC_1006 | B7: Demo name 6 | C7: 4 | D7: =C7/16 -> 0.25
A8: EXC_1007 | B8: Demo name 7 | C8: 5 | D8: =C8/16 -> 0.3125
A9: EXC_1008 | B9: Demo name 8 | C9: 2 | D9: =C9/16 -> 0.125
A10: EXC_1009 | B10: Demo name 9 | C10: 66 | D10: =C10/16 -> 4.125
A11: EXC_1010 | B11: Demo name 10 | C11: 43 | D11: =C11/16 -> 2.6875
A12: EXC_1001 | B12: Demo name 1 | C12: 23 | D12: =C12/16 -> 1.4375
A13: EXC_1002 | B13: Demo name 2 | C13: 34 | D13: =C13/16 -> 2.125
A14: EXC_1003 | B14: Demo name 3 | C14: 33 | D14: =C14/16 -> 2.0625
A15: EXC_1004 | B15: Demo name 4 | C15: 45 | D15: =C15/16 -> 2.8125
A16: EXC_1005 | B16: Demo name 5 | C16: 12 | D16: =C16/16 -> 0.75
... A31: EXC_1010 | B31: Demo name 10 | C31: 43 | D31: =C31/16 -> 2.6875

Sheet Sheet3
A1: {=Sheet1!A1:C32} -> Roll Num | B1: Name | C1: Age
A2: EXC_1001 | B2: Shyaam | C2: 23
A3: EXC_1002 | B3: Demo name 2 | C3: 34
A4: EXC_1003 | B4: Demo name 3 | C4: 33
A5: EXC_1004 | B5: Demo name 4 | C5: 45 | E5: DISc | F5: 0.5
A6: EXC_1005 | B6: Demo name 5 | C6: 12
A7: EXC_1006 | B7: Demo name 6 | C7: 4
A8: EXC_1007 | B8: Demo name 7 | C8: 5
A9: EXC_1008 | B9: Demo name 8 | C9: 2
A10: EXC_1009 | B10: Demo name 9 | C10: 66
A11: EXC_1010 | B11: Demo name 10 | C11: 43
A12: EXC_1001 | B12: Demo name 1 | C12: 23
A13: EXC_1002 | B13: Demo name 2 | C13: 34
A14: EXC_1003 | B14: Demo name 3 | C14: 33
A15: EXC_1004 | B15: Demo name 4 | C15: 45
A16: EXC_1005 | B16: Demo name 5 | C16: 12
A17: EXC_1006 | B17: Demo name 6 | C17: 4
... A31: EXC_1010 | B31: Demo name 10 | C31: 43
A32: 0 | B32: 0 | C32: 0

Sheet Agenda
B4: 1 ) Autofill
B6: 2) Selction | C6: CTRL + SHIFT + <ARROW KEY> | F6: THAT STOPS when sees a Blank Cell
B8: 3) FREEZE rows / colums | D8: HELP IN NAVIGATION
B10: 4) Deletion
B12: 5) Clear Content & Format
B14: 6) COPY DYANMIC | D14: " Use = with cell address, if in other sheet , use sheetname as well"
B16: 7) RANGES | D16: TOP LEFT : BOTTOM RIGHT
B18: 8) REFRENCES | D18: ABSOLUTE & RELATIVE | G18: Absolute | H18: $H$8 | I18: > Always H8
G19: Relative | H19: H8 | I19: > keep updating
G20: Mixed Ref | H20: H$8 | I20: > Row is fixed
B21: 9) Locking a cell in auto fill | E21: Use "$" to lock | H21: $H8 | I21: > Column is Fixed

Sheet Sheet4
A1: Product_id | B1: Price(INR) | C1: OrderDATE | D1: Disc@10% | E1: amtAftertax
A2: 101 | B2: 860 | C2: 10/13/2025 | D2: =B2*Sheet3!$F$5 -> 430 | E2: =B2+H$12 -> 880
A3: 102 | B3: 200 | C3: 45940 | D3: =B3*Sheet3!$F$5 -> 100 | E3: =B3+H$12 -> 220
A4: 103 | B4: 600 | C4: 45971 | D4: =B4*Sheet3!$F$5 -> 300 | E4: =B4+H$12 -> 620
A5: 104 | B5: 850.5 | C5: 46001 | D5: =B5*Sheet3!$F$5 -> 425.25 | E5: =B5+H$12 -> 870.5 | G5: Disc Rate | H5: 0.1
A6: 105 | B6: 1500 | C6: 10/13/2025 | D6: =B6*Sheet3!$F$5 -> 750 | E6: =B6+H$12 -> 1520
A7: 106 | B7: 2000 | C7: 10/14/2025 | D7: =B7*Sheet3!$F$5 -> 1000 | E7: =B7+H$12 -> 2020
A8: 107 | B8: 25870 | C8: 10/15/2025 | D8: =B8*Sheet3!$F$5 -> 12935 | E8: =B8+H$12 -> 25890
A9: 108 | B9: 50000 | C9: 10/16/2025 | D9: =B9*Sheet3!$F$5 -> 25000 | E9: =B9+H$12 -> 50020
A10: 109 | B10: 80 | C10: 10/17/2025 | D10: =B10*Sheet3!$F$5 -> 40 | E10: =B10+H$12 -> 100
H12: 20
