Workbook

Sheet data
A1: Employee_ID | B1: Department | C1: Tenure_Years | D1: Monthly_Sales_K | E1: Project_Score (Out of 100) | F1: Training_Hours | G1: Salary_K (Per Annum) | H1: Performance_Rating | I1: Column1
A2: A001 | B2: Sales | C2: 3.5 | D2: 120 | E2: 88 | F2: 15 | G2: 85 | H2: Excellent | I2: =IF(AND(data!E2 > PERCENTILE(data!E$2:E$101, 0.9),data!F2 > 30), "Top Tier Potential", "Standard") -> Standard
A3: A002 | B3: Tech | C3: 1.2 | D3: 0 | E3: 95 | F3: 40 | G3: 70 | H3: High | I3: =IF(AND(data!E3 > PERCENTILE(data!E$2:E$101, 0.9),data!F3 > 30), "Top Tier Potential", "Standard") -> Top Tier Potential
A4: A003 | B4: Marketing | C4: 7.1 | D4: 55 | E4: 72 | F4: 8 | G4: 95 | H4: Medium | I4: =IF(AND(data!E4 > PERCENTILE(data!E$2:E$101, 0.9),data!F4 > 30), "Top Tier Potential", "Standard") -> Standard
A5: A004 | B5: Sales | C5: 0.8 | D5: 155 | E5: 81 | F5: 25 | G5: 65 | H5: Excellent | I5: =IF(AND(data!E5 > PERCENTILE(data!E$2:E$101, 0.9),data!F5 > 30), "Top Tier Potential", "Standard") -> Standard
A6: A005 | B6: HR | C6: 5.9 | D6: 0 | E6: 60 | F6: 12 | G6: 75 | H6: Medium | I6: =IF(AND(data!E6 > PERCENTILE(data!E$2:E$101, 0.9),data!F6 > 30), "Top Tier Potential", "Standard") -> Standard
A7: A006 | B7: Tech | C7: 3.1 | D7: 0 | E7: 78 | F7: 33 | G7: 88 | H7: High | I7: =IF(AND(data!E7 > PERCENTILE(data!E$2:E$101, 0.9),data!F7 > 30), "Top Tier Potential", "Standard") -> Standard
A8: A007 | B8: Sales | C8: 4.9 | D8: 102 | E8: 92 | F8: 18 | G8: 98 | H8: Excellent | I8: =IF(AND(data!E8 > PERCENTILE(data!E$2:E$101, 0.9),data!F8 > 30), "Top Tier Potential", "Standard") -> Standard
A9: A008 | B9: Marketing | C9: 0.5 | D9: 40 | E9: 65 | F9: 5 | G9: 55 | H9: Medium | I9: =IF(AND(data!E9 > PERCENTILE(data!E$2:E$101, 0.9),data!F9 > 30), "Top Tier Potential", "Standard") -> Standard
A10: A009 | B10: HR | C10: 1.5 | D10: 0 | E10: 70 | F10: 20 | G10: 68 | H10: Medium | I10: =IF(AND(data!E10 > PERCENTILE(data!E$2:E$101, 0.9),data!F10 > 30), "Top Tier Potential", "Standard") -> Standard
A11: A010 | B11: Sales | C11: 2.2 | D11: 135 | E11: 85 | F11: 10 | G11: 78 | H11: Excellent | I11: =IF(AND(data!E11 > PERCENTILE(data!E$2:E$101, 0.9),data!F11 > 30), "Top Tier Potential", "Standard") -> Standard
A12: A011 | B12: Tech | C12: 8 | D12: 0 | E12: 98 | F12: 50 | G12: 110 | H12: High | I12: =IF(AND(data!E12 > PERCENTILE(data!E$2:E$101, 0.9),data!F12 > 30), "Top Tier Potential", "Standard") -> Top Tier Potential
A13: A012 | B13: Marketing | C13: 1 | D13: 30 | E13: 75 | F13: 15 | G13: 60 | H13: Medium | I13: =IF(AND(data!E13 > PERCENTILE(data!E$2:E$101, 0.9),data!F13 > 30), "Top Tier Potential", "Standard") -> Standard
... A18: A017 | B18: Sales | C18: 1.9 | D18: 145 | E18: 87 | F18: 30 | G18: 75 | H18: Excellent | I18: =IF(AND(data!E18 > PERCENTILE(data!E$2:E$101, 0.9),data!F18 > 30), "Top Tier Potential", "Standard") -> Standard
A19: A018 | B19: HR | C19: 7.5 | D19: 0 | E19: 62 | F19: 10 | G19: 80 | H19: Medium | I19: =IF(AND(data!E19 > PERCENTILE(data!E$2:E$101, 0.9),data!F19 > 30), "Top Tier Potential", "Standard") -> Standard | K19: =PERCENTILE(data!E$2:E$101, 0.9) -> 92
A20: A019 | B20: Tech | C20: 0.9 | D20: 0 | E20: 74 | F20: 28 | G20: 65 | H20: High | I20: =IF(AND(data!E20 > PERCENTILE(data!E$2:E$101, 0.9),data!F20 > 30), "Top Tier Potential", "Standard") -> Standard
A21: A020 | B21: Marketing | C21: 5.2 | D21: 70 | E21: 83 | F21: 17 | G21: 105 | H21: High | I21: =IF(AND(data!E21 > PERCENTILE(data!E$2:E$101, 0.9),data!F21 > 30), "Top Tier Potential", "Standard") -> Standard
A22: A021 | B22: Sales | C22: 3.8 | D22: 115 | E22: 90 | F22: 16 | G22: 82 | H22: Excellent | I22: =IF(AND(data!E22 > PERCENTILE(data!E$2:E$101, 0.9),data!F22 > 30), "Top Tier Potential", "Standard") -> Standard
A23: A022 | B23: Tech | C23: 2.5 | D23: 0 | E23: 86 | F23: 35 | G23: 78 | H23: High | I23: =IF(AND(data!E23 > PERCENTILE(data!E$2:E$101, 0.9),data!F23 > 30), "Top Tier Potential", "Standard") -> Standard
A24: A023 | B24: HR | C24: 1.1 | D24: 0 | E24: 68 | F24: 9 | G24: 62 | H24: Medium | I24: =IF(AND(data!E24 > PERCENTILE(data!E$2:E$101, 0.9),data!F24 > 30), "Top Tier Potential", "Standard") -> Standard
A25: A024 | B25: Marketing | C25: 6 | D25: 48 | E25: 76 | F25: 11 | G25: 92 | H25: Medium | I25: =IF(AND(data!E25 > PERCENTILE(data!E$2:E$101, 0.9),data!F25 > 30), "Top Tier Potential", "Standard") -> Standard
A26: A025 | B26: Sales | C26: 0.7 | D26: 160 | E26: 84 | F26: 28 | G26: 68 | H26: Excellent | I26: =IF(AND(data!E26 > PERCENTILE(data!E$2:E$101, 0.9),data!F26 > 30), "Top Tier Potential", "Standard") -> Standard
A27: A026 | B27: Tech | C27: 5.5 | D27: 0 | E27: 91 | F27: 45 | G27: 100 | H27: High | I27: =IF(AND(data!E27 > PERCENTILE(data!E$2:E$101, 0.9),data!F27 > 30), "Top Tier Potential", "Standard") -> Standard | K27: =+N31 -> 0
A28: A027 | B28: HR | C28: 4.2 | D28: 0 | E28: 58 | F28: 7 | G28: 70 | H28: Medium | I28: =IF(AND(data!E28 > PERCENTILE(data!E$2:E$101, 0.9),data!F28 > 30), "Top Tier Potential", "Standard") -> Standard
A29: A028 | B29: Sales | C29: 1.5 | D29: 125 | E29: 89 | F29: 20 | G29: 72 | H29: Excellent | I29: =IF(AND(data!E29 > PERCENTILE(data!E$2:E$101, 0.9),data!F29 > 30), "Top Tier Potential", "Standard") -> Standard
A30: A029 | B30: Marketing | C30: 3.3 | D30: 58 | E30: 73 | F30: 13 | G30: 85 | H30: Medium | I30: =IF(AND(data!E30 > PERCENTILE(data!E$2:E$101, 0.9),data!F30 > 30), "Top Tier Potential", "Standard") -> Standard
A31: A030 | B31: Tech | C31: 7 | D31: 0 | E31: 93 | F31: 42 | G31: 108 | H31: High | I31: =IF(AND(data!E31 > PERCENTILE(data!E$2:E$101, 0.9),data!F31 > 30), "Top Tier Potential", "Standard") -> Top Tier Potential
A32: A031 | B32: Sales | C32: 2.9 | D32: 105 | E32: 86 | F32: 17 | G32: 80 | H32: Excellent | I32: =IF(AND(data!E32 > PERCENTILE(data!E$2:E$101, 0.9),data!F32 > 30), "Top Tier Potential", "Standard") -> Standard
A33: A032 | B33: HR | C33: 6.8 | D33: 0 | E33: 64 | F33: 11 | G33: 78 | H33: Medium | I33: =IF(AND(data!E33 > PERCENTILE(data!E$2:E$101, 0.9),data!F33 > 30), "Top Tier Potential", "Standard") -> Standard
A34: A033 | B34: Tech | C34: 1.8 | D34: 0 | E34: 76 | F34: 31 | G34: 72 | H34: High | I34: =IF(AND(data!E34 > PERCENTILE(data!E$2:E$101, 0.9),data!F34 > 30), "Top Tier Potential", "Standard") -> Standard
A35: A034 | B35: Marketing | C35: 0.4 | D35: 35 | E35: 67 | F35: 4 | G35: 58 | H35: Low | I35: =IF(AND(data!E35 > PERCENTILE(data!E$2:E$101, 0.9),data!F35 > 30), "Top Tier Potential", "Standard") -> Standard
A36: A035 | B36: Sales | C36: 5 | D36: 95 | E36: 82 | F36: 24 | G36: 88 | H36: High | I36: =IF(AND(data!E36 > PERCENTILE(data!E$2:E$101, 0.9),data!F36 > 30), "Top Tier Potential", "Standard") -> Standard
A37: A036 | B37: Tech | C37: 3.7 | D37: 0 | E37: 96 | F37: 48 | G37: 98 | H37: High | I37: =IF(AND(data!E37 > PERCENTILE(data!E$2:E$101, 0.9),data!F37 > 30), "Top Tier Potential", "Standard") -> Top Tier Potential
A38: A037 | B38: HR | C38: 2.1 | D38: 0 | E38: 66 | F38: 18 | G38: 65 | H38: Medium | I38: =IF(AND(data!E38 > PERCENTILE(data!E$2:E$101, 0.9),data!F38 > 30), "Top Tier Potential", "Standard") -> Standard
A39: A038 | B39: Sales | C39: 7.8 | D39: 85 | E39: 77 | F39: 19 | G39: 92 | H39: High | I39: =IF(AND(data!E39 > PERCENTILE(data!E$2:E$101, 0.9),data!F39 > 30), "Top Tier Potential", "Standard") -> Standard
... A101: A100 | B101: Tech | C101: 6 | D101: 0 | E101: 92 | F101: 22 | G101: 105 | H101: High | I101: =IF(AND(data!E101 > PERCENTILE(data!E$2:E$101, 0.9),data!F101 > 30), "Top Tier Potential", "Standard") -> Standard

Sheet Sheet1
A1: Q# | B1: Question
A2: M1 | B2: Find the 4th highest Monthly_Sales_K achieved by an employee whose Tenure_Years is greater than 5 years. | I2: {=LARGE(IF(data!C2:C101>5, data!D2:D101), 4)} -> 85
A3: M2 | B3: Calculate the 90th percentile of Project_Score. Flag an employee as "Top Tier Potential" if their Project_Score is above this percentile AND their Training_Hours are greater than 30. Otherwise, show "Standard".
A4: M3 | B4: What is the 2nd lowest Salary_K among all employees whose Performance_Rating is "Excellent"? | H4: {=SMALL(IF(data!H2:H101="Excellent", data!G2:G101), 2)} -> 65
A5: M4 | B5: Count the total number of employees who are either in the Tech department OR have a Project_Score less than 65. | I5: =COUNTIF(Employee_Performance_Metrics[Department],"Tech")+COUNTIF(Employee_Performance_Metrics[Project_Score (Out of 100)],"<65")-COUNTIFS(B2:B101,"Tech", E2:E101,"<65") -> 43 | K5: =COUNTIFS(B2:B101,"Tech", E2:E101,"<65") -> 0
A6: M5 | B6: Find the highest Monthly_Sales_K in the Sales department and the lowest Monthly_Sales_K in the Marketing department. What is the difference between these two values? | L6: {=MAX(IF(data!B2:B101="Sales", data!D2:D101)) - MIN(IF(data!B2:B101="Marketing", data!D2:D101))} -> 140
A7: M6 | B7: Assign a RANK to each employee based on their Training_Hours, where the employee with the fewest hours receives rank 1 (ascending rank).
A8: M7 | B8: Calculate the AVERAGE Salary_K for employees in a fictional department called "Finance". Since this department doesn't exist in the data, use IFERROR to return the text "Department Not Found" instead of an error value.
A9: H8 | B9: Create a single formula for each row (to be copied down) that checks data quality and returns "Valid" or "Check": Return "Check" if: (A) Employee_ID is BLANK OR (B) Monthly_Sales_K is BLANK OR (C) the Performance_Rating is missing (i.e., BLANK) for an employee whose Project_Score is greater than 90.
A10: H9 | B10: Calculate the average Salary_K only for those employees who fall in the bottom 15% of Project_Score and who have less than 10 Training_Hours. (This requires an array formula that handles multiple complex conditions).
A11: H10 | B11: Assign a conditional rank (1, 2, 3...) to only the employees in the Tech department based on their Project_Score (highest score gets rank 1). For employees NOT in the Tech department, the cell should return "N/A". (Requires advanced use of RANK with IF, wrapped by IFERROR to handle potential #N/A errors from the filter).
C13: {=AVERAGE(IF((data!E2:E101 <= PERCENTILE(data!E2:E101, 0.15)) * (data!F2:F101 < 10), data!G2:G101))} -> 60.454545
F14: =PERCENTILE(data!E2:E101, 0.15) -> 64
C16: =AVERAGEIFS(data!G2:G101,data!E2:E101,"<64",data!F2:F101,"<10") -> 61.3

Sheet Sheet2
